name,email,phone,linkedin url
Henriette,Henriette@yopmail.com,6794,
Pierette,Pierette@yopmail.com,6664,http://linkedin.com/in/Pierette
Nanete,Nanete@yopmail.com,8747,http://linkedin.com/in/Nanete
Julieta,Julieta@yopmail.com,3180,http://linkedin.com/in/Julieta
Jan,Jan@yopmail.com,4927,http://linkedin.com/in/Jan
Jenda,Jenda@yopmail.com,8003,http://linkedin.com/in/Jenda
Paule,Paule@yopmail.com,3649,http://linkedin.com/in/Paule
Rebeca,Rebeca@yopmail.com,2497,http://linkedin.com/in/Rebeca
Ana,Ana@yopmail.com,2200,http://linkedin.com/in/Ana
Regina,Regina@yopmail.com,6093,http://linkedin.com/in/Regina
Drucie,Drucie@yopmail.com,1604,http://linkedin.com/in/Drucie
Melodie,Melodie@yopmail.com,4318,http://linkedin.com/in/Melodie
Paola,Paola@yopmail.com,3542,http://linkedin.com/in/Paola
Sherrie,Sherrie@yopmail.com,2831,http://linkedin.com/in/Sherrie
Gerrie,Gerrie@yopmail.com,5888,http://linkedin.com/in/Gerrie
Helena,Helena@yopmail.com,8727,http://linkedin.com/in/Helena
Farrah,Farrah@yopmail.com,1844,http://linkedin.com/in/Farrah
Candy,Candy@yopmail.com,2437,http://linkedin.com/in/Candy
Yolane,Yolane@yopmail.com,8633,http://linkedin.com/in/Yolane
Viviene,Viviene@yopmail.com,7408,http://linkedin.com/in/Viviene
Andeee,Andeee@yopmail.com,7558,http://linkedin.com/in/Andeee
Gianina,Gianina@yopmail.com,7215,http://linkedin.com/in/Gianina
Doro,Doro@yopmail.com,2484,http://linkedin.com/in/Doro
Renie,Renie@yopmail.com,3168,http://linkedin.com/in/Renie
Marjie,Marjie@yopmail.com,6832,http://linkedin.com/in/Marjie
Sheelagh,Sheelagh@yopmail.com,8298,http://linkedin.com/in/Sheelagh
Mara,Mara@yopmail.com,5871,http://linkedin.com/in/Mara
Arlena,Arlena@yopmail.com,7608,http://linkedin.com/in/Arlena
Amii,Amii@yopmail.com,3191,http://linkedin.com/in/Amii
Giustina,Giustina@yopmail.com,2381,http://linkedin.com/in/Giustina
Tilly,Tilly@yopmail.com,5965,http://linkedin.com/in/Tilly
Madeleine,Madeleine@yopmail.com,2676,http://linkedin.com/in/Madeleine
Beverley,Beverley@yopmail.com,7003,http://linkedin.com/in/Beverley
Deloria,Deloria@yopmail.com,5450,http://linkedin.com/in/Deloria
Zia,Zia@yopmail.com,4755,http://linkedin.com/in/Zia
Molli,Molli@yopmail.com,8254,http://linkedin.com/in/Molli
Tybie,Tybie@yopmail.com,5816,http://linkedin.com/in/Tybie
Rosaline,Rosaline@yopmail.com,2736,http://linkedin.com/in/Rosaline
Tani,Tani@yopmail.com,6605,http://linkedin.com/in/Tani
Meg,Meg@yopmail.com,6071,http://linkedin.com/in/Meg
Aili,Aili@yopmail.com,4932,http://linkedin.com/in/Aili
Ardeen,Ardeen@yopmail.com,5421,http://linkedin.com/in/Ardeen
Allis,Allis@yopmail.com,1863,http://linkedin.com/in/Allis
Kerrin,Kerrin@yopmail.com,9284,http://linkedin.com/in/Kerrin
Max,Max@yopmail.com,1645,http://linkedin.com/in/Max
Silvana,Silvana@yopmail.com,2030,http://linkedin.com/in/Silvana
Gerianna,Gerianna@yopmail.com,7825,http://linkedin.com/in/Gerianna
Elie,Elie@yopmail.com,4635,http://linkedin.com/in/Elie
Helena,Helena@yopmail.com,1971,http://linkedin.com/in/Helena
Kirbee,Kirbee@yopmail.com,1901,http://linkedin.com/in/Kirbee
Fina,Fina@yopmail.com,3403,http://linkedin.com/in/Fina
Neila,Neila@yopmail.com,4746,http://linkedin.com/in/Neila
Augustine,Augustine@yopmail.com,7960,http://linkedin.com/in/Augustine
Candi,Candi@yopmail.com,2903,http://linkedin.com/in/Candi
Monika,Monika@yopmail.com,2376,http://linkedin.com/in/Monika
Teriann,Teriann@yopmail.com,8136,http://linkedin.com/in/Teriann
Maurene,Maurene@yopmail.com,6954,http://linkedin.com/in/Maurene
Felice,Felice@yopmail.com,9107,http://linkedin.com/in/Felice
Alisha,Alisha@yopmail.com,9028,http://linkedin.com/in/Alisha
Madeleine,Madeleine@yopmail.com,2165,http://linkedin.com/in/Madeleine
Vere,Vere@yopmail.com,4255,http://linkedin.com/in/Vere
Charissa,Charissa@yopmail.com,5183,http://linkedin.com/in/Charissa
Reeba,Reeba@yopmail.com,2039,http://linkedin.com/in/Reeba
Ebonee,Ebonee@yopmail.com,7632,http://linkedin.com/in/Ebonee
Siana,Siana@yopmail.com,3733,http://linkedin.com/in/Siana
Max,Max@yopmail.com,6184,http://linkedin.com/in/Max
Raina,Raina@yopmail.com,9889,http://linkedin.com/in/Raina
Jacquetta,Jacquetta@yopmail.com,4324,http://linkedin.com/in/Jacquetta
Frank,Frank@yopmail.com,2502,http://linkedin.com/in/Frank
Katleen,Katleen@yopmail.com,9769,http://linkedin.com/in/Katleen
Rosanne,Rosanne@yopmail.com,9553,http://linkedin.com/in/Rosanne
Cissiee,Cissiee@yopmail.com,2584,http://linkedin.com/in/Cissiee
Emmey,Emmey@yopmail.com,5923,http://linkedin.com/in/Emmey
Arlena,Arlena@yopmail.com,4249,http://linkedin.com/in/Arlena
Hermione,Hermione@yopmail.com,9124,http://linkedin.com/in/Hermione
Fanchon,Fanchon@yopmail.com,5396,http://linkedin.com/in/Fanchon
Arabel,Arabel@yopmail.com,9710,http://linkedin.com/in/Arabel
Fredericka,Fredericka@yopmail.com,1070,http://linkedin.com/in/Fredericka
Annora,Annora@yopmail.com,4651,http://linkedin.com/in/Annora
Etta,Etta@yopmail.com,7630,http://linkedin.com/in/Etta
Alejandra,Alejandra@yopmail.com,4127,http://linkedin.com/in/Alejandra
Alex,Alex@yopmail.com,6308,http://linkedin.com/in/Alex
Edith,Edith@yopmail.com,1444,http://linkedin.com/in/Edith
Blake,Blake@yopmail.com,9954,http://linkedin.com/in/Blake
Nananne,Nananne@yopmail.com,2793,http://linkedin.com/in/Nananne
Corene,Corene@yopmail.com,3927,http://linkedin.com/in/Corene
Vivia,Vivia@yopmail.com,2296,http://linkedin.com/in/Vivia
Danika,Danika@yopmail.com,9997,http://linkedin.com/in/Danika
Dorthy,Dorthy@yopmail.com,1175,http://linkedin.com/in/Dorthy
Mellicent,Mellicent@yopmail.com,8909,http://linkedin.com/in/Mellicent
Sue,Sue@yopmail.com,5592,http://linkedin.com/in/Sue
Misha,Misha@yopmail.com,6408,http://linkedin.com/in/Misha
Brynna,Brynna@yopmail.com,3827,http://linkedin.com/in/Brynna
Elmira,Elmira@yopmail.com,5011,http://linkedin.com/in/Elmira
Lacie,Lacie@yopmail.com,3828,http://linkedin.com/in/Lacie
Carilyn,Carilyn@yopmail.com,2641,http://linkedin.com/in/Carilyn
Lenna,Lenna@yopmail.com,7083,http://linkedin.com/in/Lenna
Nonnah,Nonnah@yopmail.com,7216,http://linkedin.com/in/Nonnah
Molli,Molli@yopmail.com,9790,http://linkedin.com/in/Molli
Priscilla,Priscilla@yopmail.com,7599,http://linkedin.com/in/Priscilla
Gisela,Gisela@yopmail.com,3163,http://linkedin.com/in/Gisela
Basia,Basia@yopmail.com,8289,http://linkedin.com/in/Basia
Brena,Brena@yopmail.com,9084,http://linkedin.com/in/Brena
Mellicent,Mellicent@yopmail.com,2240,http://linkedin.com/in/Mellicent
Dagmar,Dagmar@yopmail.com,9733,http://linkedin.com/in/Dagmar
Selma,Selma@yopmail.com,1134,http://linkedin.com/in/Selma
Meriel,Meriel@yopmail.com,7034,http://linkedin.com/in/Meriel
Rori,Rori@yopmail.com,9410,http://linkedin.com/in/Rori
Siana,Siana@yopmail.com,3172,http://linkedin.com/in/Siana
Theodora,Theodora@yopmail.com,9049,http://linkedin.com/in/Theodora
Calla,Calla@yopmail.com,5924,http://linkedin.com/in/Calla
Aaren,Aaren@yopmail.com,4926,http://linkedin.com/in/Aaren
Gianina,Gianina@yopmail.com,5523,http://linkedin.com/in/Gianina
Tilly,Tilly@yopmail.com,5259,http://linkedin.com/in/Tilly
Tressa,Tressa@yopmail.com,8508,http://linkedin.com/in/Tressa
Morganica,Morganica@yopmail.com,8716,http://linkedin.com/in/Morganica
Nicoli,Nicoli@yopmail.com,9322,http://linkedin.com/in/Nicoli
Ericka,Ericka@yopmail.com,9644,http://linkedin.com/in/Ericka
Elora,Elora@yopmail.com,7466,http://linkedin.com/in/Elora
Tressa,Tressa@yopmail.com,1531,http://linkedin.com/in/Tressa
Andeee,Andeee@yopmail.com,4683,http://linkedin.com/in/Andeee
Allyce,Allyce@yopmail.com,5264,http://linkedin.com/in/Allyce
Magdalena,Magdalena@yopmail.com,4178,http://linkedin.com/in/Magdalena
Renae,Renae@yopmail.com,4549,http://linkedin.com/in/Renae
Cyb,Cyb@yopmail.com,9934,http://linkedin.com/in/Cyb
Ileana,Ileana@yopmail.com,3114,http://linkedin.com/in/Ileana
Ruthe,Ruthe@yopmail.com,9543,http://linkedin.com/in/Ruthe
Shirlee,Shirlee@yopmail.com,6506,http://linkedin.com/in/Shirlee
Mariann,Mariann@yopmail.com,3610,http://linkedin.com/in/Mariann
Adriana,Adriana@yopmail.com,2558,http://linkedin.com/in/Adriana
Amalie,Amalie@yopmail.com,5923,http://linkedin.com/in/Amalie
Cherrita,Cherrita@yopmail.com,2070,http://linkedin.com/in/Cherrita
Frieda,Frieda@yopmail.com,3735,http://linkedin.com/in/Frieda
Flory,Flory@yopmail.com,6382,http://linkedin.com/in/Flory
Dode,Dode@yopmail.com,8587,http://linkedin.com/in/Dode
Katuscha,Katuscha@yopmail.com,9769,http://linkedin.com/in/Katuscha
Tressa,Tressa@yopmail.com,1965,http://linkedin.com/in/Tressa
Marcy,Marcy@yopmail.com,6754,http://linkedin.com/in/Marcy
Sibella,Sibella@yopmail.com,7552,http://linkedin.com/in/Sibella
Rosene,Rosene@yopmail.com,1024,http://linkedin.com/in/Rosene
Melodie,Melodie@yopmail.com,7408,http://linkedin.com/in/Melodie
Inga,Inga@yopmail.com,4736,http://linkedin.com/in/Inga
Lisette,Lisette@yopmail.com,5834,http://linkedin.com/in/Lisette
Tera,Tera@yopmail.com,1499,http://linkedin.com/in/Tera
Dolli,Dolli@yopmail.com,9261,http://linkedin.com/in/Dolli
Sophia,Sophia@yopmail.com,2599,http://linkedin.com/in/Sophia
Carol-Jean,Carol-Jean@yopmail.com,8473,http://linkedin.com/in/Carol-Jean
Myriam,Myriam@yopmail.com,8493,http://linkedin.com/in/Myriam
Joy,Joy@yopmail.com,3827,http://linkedin.com/in/Joy
Merrie,Merrie@yopmail.com,1309,http://linkedin.com/in/Merrie
Talya,Talya@yopmail.com,6622,http://linkedin.com/in/Talya
Brietta,Brietta@yopmail.com,9582,http://linkedin.com/in/Brietta
Brena,Brena@yopmail.com,9756,http://linkedin.com/in/Brena
Pearline,Pearline@yopmail.com,5445,http://linkedin.com/in/Pearline
Sindee,Sindee@yopmail.com,2938,http://linkedin.com/in/Sindee
Elbertina,Elbertina@yopmail.com,7975,http://linkedin.com/in/Elbertina
Shirlee,Shirlee@yopmail.com,9206,http://linkedin.com/in/Shirlee
Karena,Karena@yopmail.com,2197,http://linkedin.com/in/Karena
Cathyleen,Cathyleen@yopmail.com,3341,http://linkedin.com/in/Cathyleen
Elena,Elena@yopmail.com,9945,http://linkedin.com/in/Elena
Sallie,Sallie@yopmail.com,9602,http://linkedin.com/in/Sallie
Jolyn,Jolyn@yopmail.com,8629,http://linkedin.com/in/Jolyn
Romona,Romona@yopmail.com,2397,http://linkedin.com/in/Romona
Alyssa,Alyssa@yopmail.com,3715,http://linkedin.com/in/Alyssa
Danika,Danika@yopmail.com,3476,http://linkedin.com/in/Danika
Brooks,Brooks@yopmail.com,6861,http://linkedin.com/in/Brooks
Vivia,Vivia@yopmail.com,3419,http://linkedin.com/in/Vivia
Shaylyn,Shaylyn@yopmail.com,4597,http://linkedin.com/in/Shaylyn
Tersina,Tersina@yopmail.com,5837,http://linkedin.com/in/Tersina
Ricky,Ricky@yopmail.com,1857,http://linkedin.com/in/Ricky
Barbi,Barbi@yopmail.com,6619,http://linkedin.com/in/Barbi
Eadie,Eadie@yopmail.com,9224,http://linkedin.com/in/Eadie
Kylynn,Kylynn@yopmail.com,2881,http://linkedin.com/in/Kylynn
Marita,Marita@yopmail.com,2141,http://linkedin.com/in/Marita
Darci,Darci@yopmail.com,5469,http://linkedin.com/in/Darci
Britte,Britte@yopmail.com,7518,http://linkedin.com/in/Britte
Mariele,Mariele@yopmail.com,8995,http://linkedin.com/in/Mariele
Vevay,Vevay@yopmail.com,9340,http://linkedin.com/in/Vevay
Gerianna,Gerianna@yopmail.com,2621,http://linkedin.com/in/Gerianna
Alex,Alex@yopmail.com,6457,http://linkedin.com/in/Alex
Romona,Romona@yopmail.com,3725,http://linkedin.com/in/Romona
Melodie,Melodie@yopmail.com,9202,http://linkedin.com/in/Melodie
Kaia,Kaia@yopmail.com,2225,http://linkedin.com/in/Kaia
Arlina,Arlina@yopmail.com,9930,http://linkedin.com/in/Arlina
Fanchon,Fanchon@yopmail.com,6544,http://linkedin.com/in/Fanchon
Anallese,Anallese@yopmail.com,2148,http://linkedin.com/in/Anallese
Nerta,Nerta@yopmail.com,1625,http://linkedin.com/in/Nerta
Lory,Lory@yopmail.com,1146,http://linkedin.com/in/Lory
Aili,Aili@yopmail.com,6708,http://linkedin.com/in/Aili
Ottilie,Ottilie@yopmail.com,3865,http://linkedin.com/in/Ottilie
Aaren,Aaren@yopmail.com,3302,http://linkedin.com/in/Aaren
Allyce,Allyce@yopmail.com,4447,http://linkedin.com/in/Allyce
Emmey,Emmey@yopmail.com,9713,http://linkedin.com/in/Emmey
Britni,Britni@yopmail.com,7140,http://linkedin.com/in/Britni
Melodie,Melodie@yopmail.com,6513,http://linkedin.com/in/Melodie
Isa,Isa@yopmail.com,1308,http://linkedin.com/in/Isa
Stacey,Stacey@yopmail.com,6393,http://linkedin.com/in/Stacey
Emelina,Emelina@yopmail.com,6320,http://linkedin.com/in/Emelina
Bobinette,Bobinette@yopmail.com,7899,http://linkedin.com/in/Bobinette
Sonni,Sonni@yopmail.com,2649,http://linkedin.com/in/Sonni
Susette,Susette@yopmail.com,3856,http://linkedin.com/in/Susette
Kathi,Kathi@yopmail.com,4925,http://linkedin.com/in/Kathi
Kelly,Kelly@yopmail.com,3554,http://linkedin.com/in/Kelly
Tarra,Tarra@yopmail.com,6178,http://linkedin.com/in/Tarra
Georgetta,Georgetta@yopmail.com,8806,http://linkedin.com/in/Georgetta
Desirae,Desirae@yopmail.com,6056,http://linkedin.com/in/Desirae
Ileana,Ileana@yopmail.com,2146,http://linkedin.com/in/Ileana
Kaia,Kaia@yopmail.com,8434,http://linkedin.com/in/Kaia
Nicoli,Nicoli@yopmail.com,6555,http://linkedin.com/in/Nicoli
Siana,Siana@yopmail.com,1085,http://linkedin.com/in/Siana
Karlee,Karlee@yopmail.com,2677,http://linkedin.com/in/Karlee
Jeanna,Jeanna@yopmail.com,9448,http://linkedin.com/in/Jeanna
Dorice,Dorice@yopmail.com,8378,http://linkedin.com/in/Dorice
Audrie,Audrie@yopmail.com,1605,http://linkedin.com/in/Audrie
Steffane,Steffane@yopmail.com,5377,http://linkedin.com/in/Steffane
Joy,Joy@yopmail.com,7545,http://linkedin.com/in/Joy
Madalyn,Madalyn@yopmail.com,4237,http://linkedin.com/in/Madalyn
Norine,Norine@yopmail.com,3123,http://linkedin.com/in/Norine
Trixi,Trixi@yopmail.com,2507,http://linkedin.com/in/Trixi
Collen,Collen@yopmail.com,4299,http://linkedin.com/in/Collen
Katleen,Katleen@yopmail.com,1650,http://linkedin.com/in/Katleen
Nananne,Nananne@yopmail.com,9480,http://linkedin.com/in/Nananne
Carolina,Carolina@yopmail.com,9870,http://linkedin.com/in/Carolina
Cathyleen,Cathyleen@yopmail.com,5767,http://linkedin.com/in/Cathyleen
Frieda,Frieda@yopmail.com,4951,http://linkedin.com/in/Frieda
Selma,Selma@yopmail.com,8886,http://linkedin.com/in/Selma
Morganica,Morganica@yopmail.com,6731,http://linkedin.com/in/Morganica
Daryl,Daryl@yopmail.com,5014,http://linkedin.com/in/Daryl
Libbie,Libbie@yopmail.com,6856,http://linkedin.com/in/Libbie
Sharai,Sharai@yopmail.com,8846,http://linkedin.com/in/Sharai
Adore,Adore@yopmail.com,8300,http://linkedin.com/in/Adore
Lanae,Lanae@yopmail.com,5492,http://linkedin.com/in/Lanae
Bill,Bill@yopmail.com,1370,http://linkedin.com/in/Bill
Kylynn,Kylynn@yopmail.com,7063,http://linkedin.com/in/Kylynn
Rosabelle,Rosabelle@yopmail.com,4209,http://linkedin.com/in/Rosabelle
Ofilia,Ofilia@yopmail.com,3634,http://linkedin.com/in/Ofilia
Marleah,Marleah@yopmail.com,9620,http://linkedin.com/in/Marleah
Norine,Norine@yopmail.com,4502,http://linkedin.com/in/Norine
Roberta,Roberta@yopmail.com,2046,http://linkedin.com/in/Roberta
Lenna,Lenna@yopmail.com,3793,http://linkedin.com/in/Lenna
Diena,Diena@yopmail.com,5557,http://linkedin.com/in/Diena
Isa,Isa@yopmail.com,7381,http://linkedin.com/in/Isa
Gale,Gale@yopmail.com,7507,http://linkedin.com/in/Gale
Malina,Malina@yopmail.com,9516,http://linkedin.com/in/Malina
Sonni,Sonni@yopmail.com,6394,http://linkedin.com/in/Sonni
Trudie,Trudie@yopmail.com,3778,http://linkedin.com/in/Trudie
Kimberley,Kimberley@yopmail.com,3286,http://linkedin.com/in/Kimberley
Jobi,Jobi@yopmail.com,6754,http://linkedin.com/in/Jobi
Joleen,Joleen@yopmail.com,9064,http://linkedin.com/in/Joleen
Dagmar,Dagmar@yopmail.com,4277,http://linkedin.com/in/Dagmar
Sindee,Sindee@yopmail.com,3455,http://linkedin.com/in/Sindee
Dagmar,Dagmar@yopmail.com,3650,http://linkedin.com/in/Dagmar
Charlena,Charlena@yopmail.com,4981,http://linkedin.com/in/Charlena
Feliza,Feliza@yopmail.com,6467,http://linkedin.com/in/Feliza
Raquela,Raquela@yopmail.com,5289,http://linkedin.com/in/Raquela
Rosene,Rosene@yopmail.com,5102,http://linkedin.com/in/Rosene
Ayn,Ayn@yopmail.com,2161,http://linkedin.com/in/Ayn
Dorothy,Dorothy@yopmail.com,9569,http://linkedin.com/in/Dorothy
Nerta,Nerta@yopmail.com,7256,http://linkedin.com/in/Nerta
Kayla,Kayla@yopmail.com,3916,http://linkedin.com/in/Kayla
Christal,Christal@yopmail.com,4837,http://linkedin.com/in/Christal
Celene,Celene@yopmail.com,7669,http://linkedin.com/in/Celene
Chere,Chere@yopmail.com,7411,http://linkedin.com/in/Chere
Sybille,Sybille@yopmail.com,2505,http://linkedin.com/in/Sybille
Ebonee,Ebonee@yopmail.com,4530,http://linkedin.com/in/Ebonee
Ariela,Ariela@yopmail.com,3247,http://linkedin.com/in/Ariela
Karina,Karina@yopmail.com,2020,http://linkedin.com/in/Karina
Riannon,Riannon@yopmail.com,8731,http://linkedin.com/in/Riannon
Adelle,Adelle@yopmail.com,3047,http://linkedin.com/in/Adelle
Kaja,Kaja@yopmail.com,1055,http://linkedin.com/in/Kaja
Coral,Coral@yopmail.com,7637,http://linkedin.com/in/Coral
June,June@yopmail.com,5141,http://linkedin.com/in/June
Myriam,Myriam@yopmail.com,1011,http://linkedin.com/in/Myriam
Pollyanna,Pollyanna@yopmail.com,2347,http://linkedin.com/in/Pollyanna
Dawn,Dawn@yopmail.com,1769,http://linkedin.com/in/Dawn
Rhoda,Rhoda@yopmail.com,7478,http://linkedin.com/in/Rhoda
Catharine,Catharine@yopmail.com,5071,http://linkedin.com/in/Catharine
Berget,Berget@yopmail.com,8914,http://linkedin.com/in/Berget
Yolane,Yolane@yopmail.com,7050,http://linkedin.com/in/Yolane
Lenna,Lenna@yopmail.com,2381,http://linkedin.com/in/Lenna
Tarra,Tarra@yopmail.com,5249,http://linkedin.com/in/Tarra
Cyndie,Cyndie@yopmail.com,1100,http://linkedin.com/in/Cyndie
Darci,Darci@yopmail.com,7544,http://linkedin.com/in/Darci
Joelly,Joelly@yopmail.com,1166,http://linkedin.com/in/Joelly
Anica,Anica@yopmail.com,5522,http://linkedin.com/in/Anica
Yetty,Yetty@yopmail.com,3532,http://linkedin.com/in/Yetty
Fanchon,Fanchon@yopmail.com,7189,http://linkedin.com/in/Fanchon
Clo,Clo@yopmail.com,7498,http://linkedin.com/in/Clo
Fredericka,Fredericka@yopmail.com,9146,http://linkedin.com/in/Fredericka
Rosanne,Rosanne@yopmail.com,5305,http://linkedin.com/in/Rosanne
Kristan,Kristan@yopmail.com,8037,http://linkedin.com/in/Kristan
Micheline,Micheline@yopmail.com,8011,http://linkedin.com/in/Micheline
Hermione,Hermione@yopmail.com,7859,http://linkedin.com/in/Hermione
Wendi,Wendi@yopmail.com,8656,http://linkedin.com/in/Wendi
Tressa,Tressa@yopmail.com,1096,http://linkedin.com/in/Tressa
Jsandye,Jsandye@yopmail.com,4397,http://linkedin.com/in/Jsandye
Alyda,Alyda@yopmail.com,7786,http://linkedin.com/in/Alyda
Carlie,Carlie@yopmail.com,6896,http://linkedin.com/in/Carlie
Genevra,Genevra@yopmail.com,5895,http://linkedin.com/in/Genevra
Florie,Florie@yopmail.com,7933,http://linkedin.com/in/Florie
Caressa,Caressa@yopmail.com,4852,http://linkedin.com/in/Caressa
Demetris,Demetris@yopmail.com,9928,http://linkedin.com/in/Demetris
Joane,Joane@yopmail.com,4937,http://linkedin.com/in/Joane
Daphne,Daphne@yopmail.com,1363,http://linkedin.com/in/Daphne
Cathie,Cathie@yopmail.com,6620,http://linkedin.com/in/Cathie
Leia,Leia@yopmail.com,3317,http://linkedin.com/in/Leia
Konstance,Konstance@yopmail.com,9078,http://linkedin.com/in/Konstance
Orelia,Orelia@yopmail.com,7733,http://linkedin.com/in/Orelia
Sam,Sam@yopmail.com,6465,http://linkedin.com/in/Sam
Raf,Raf@yopmail.com,7109,http://linkedin.com/in/Raf
Ileana,Ileana@yopmail.com,8207,http://linkedin.com/in/Ileana
Annabela,Annabela@yopmail.com,9136,http://linkedin.com/in/Annabela
Lynnea,Lynnea@yopmail.com,9809,http://linkedin.com/in/Lynnea
Dania,Dania@yopmail.com,7091,http://linkedin.com/in/Dania
Stevana,Stevana@yopmail.com,2569,http://linkedin.com/in/Stevana
Gabi,Gabi@yopmail.com,7341,http://linkedin.com/in/Gabi
Norine,Norine@yopmail.com,8504,http://linkedin.com/in/Norine
Lory,Lory@yopmail.com,7665,http://linkedin.com/in/Lory
Angela,Angela@yopmail.com,3575,http://linkedin.com/in/Angela
Annaliese,Annaliese@yopmail.com,3637,http://linkedin.com/in/Annaliese
Kimberley,Kimberley@yopmail.com,4302,http://linkedin.com/in/Kimberley
Nikki,Nikki@yopmail.com,7742,http://linkedin.com/in/Nikki
Barbara,Barbara@yopmail.com,6522,http://linkedin.com/in/Barbara
Teriann,Teriann@yopmail.com,6882,http://linkedin.com/in/Teriann
Paulita,Paulita@yopmail.com,4494,http://linkedin.com/in/Paulita
Rhea,Rhea@yopmail.com,9878,http://linkedin.com/in/Rhea
Devina,Devina@yopmail.com,9671,http://linkedin.com/in/Devina
Ivett,Ivett@yopmail.com,5976,http://linkedin.com/in/Ivett
Mariele,Mariele@yopmail.com,1649,http://linkedin.com/in/Mariele
Blinni,Blinni@yopmail.com,3703,http://linkedin.com/in/Blinni
Miquela,Miquela@yopmail.com,8942,http://linkedin.com/in/Miquela
Emelina,Emelina@yopmail.com,8268,http://linkedin.com/in/Emelina
Talya,Talya@yopmail.com,6564,http://linkedin.com/in/Talya
Etta,Etta@yopmail.com,8096,http://linkedin.com/in/Etta
Agathe,Agathe@yopmail.com,2259,http://linkedin.com/in/Agathe
Ninnetta,Ninnetta@yopmail.com,1939,http://linkedin.com/in/Ninnetta
Dale,Dale@yopmail.com,1675,http://linkedin.com/in/Dale
Tori,Tori@yopmail.com,4585,http://linkedin.com/in/Tori
Fanny,Fanny@yopmail.com,8850,http://linkedin.com/in/Fanny
Lindie,Lindie@yopmail.com,9569,http://linkedin.com/in/Lindie
Lulita,Lulita@yopmail.com,8160,http://linkedin.com/in/Lulita
Fredericka,Fredericka@yopmail.com,8490,http://linkedin.com/in/Fredericka
Alejandra,Alejandra@yopmail.com,1697,http://linkedin.com/in/Alejandra
Devina,Devina@yopmail.com,2475,http://linkedin.com/in/Devina
Glynnis,Glynnis@yopmail.com,6269,http://linkedin.com/in/Glynnis
Margarette,Margarette@yopmail.com,1005,http://linkedin.com/in/Margarette
Shirlee,Shirlee@yopmail.com,8881,http://linkedin.com/in/Shirlee
Dacia,Dacia@yopmail.com,2183,http://linkedin.com/in/Dacia
Charlena,Charlena@yopmail.com,7132,http://linkedin.com/in/Charlena
Nadine,Nadine@yopmail.com,5925,http://linkedin.com/in/Nadine
Viki,Viki@yopmail.com,3987,http://linkedin.com/in/Viki
Dotty,Dotty@yopmail.com,3777,http://linkedin.com/in/Dotty
Vere,Vere@yopmail.com,7090,http://linkedin.com/in/Vere
Joceline,Joceline@yopmail.com,3400,http://linkedin.com/in/Joceline
Concettina,Concettina@yopmail.com,9512,http://linkedin.com/in/Concettina
Sue,Sue@yopmail.com,6058,http://linkedin.com/in/Sue
Sam,Sam@yopmail.com,4015,http://linkedin.com/in/Sam
June,June@yopmail.com,1060,http://linkedin.com/in/June
Angela,Angela@yopmail.com,5326,http://linkedin.com/in/Angela
Marsiella,Marsiella@yopmail.com,2991,http://linkedin.com/in/Marsiella
Brana,Brana@yopmail.com,3738,http://linkedin.com/in/Brana
Jemie,Jemie@yopmail.com,5915,http://linkedin.com/in/Jemie
Jerry,Jerry@yopmail.com,2752,http://linkedin.com/in/Jerry
Ernesta,Ernesta@yopmail.com,8422,http://linkedin.com/in/Ernesta
Raf,Raf@yopmail.com,6347,http://linkedin.com/in/Raf
Gertrud,Gertrud@yopmail.com,3793,http://linkedin.com/in/Gertrud
Meghann,Meghann@yopmail.com,4077,http://linkedin.com/in/Meghann
Sam,Sam@yopmail.com,9193,http://linkedin.com/in/Sam
Iseabal,Iseabal@yopmail.com,3610,http://linkedin.com/in/Iseabal
Carolina,Carolina@yopmail.com,9313,http://linkedin.com/in/Carolina
Larine,Larine@yopmail.com,6215,http://linkedin.com/in/Larine
Gabriellia,Gabriellia@yopmail.com,4032,http://linkedin.com/in/Gabriellia
Dulce,Dulce@yopmail.com,2214,http://linkedin.com/in/Dulce
Judy,Judy@yopmail.com,3854,http://linkedin.com/in/Judy
Celene,Celene@yopmail.com,5838,http://linkedin.com/in/Celene
Nananne,Nananne@yopmail.com,9707,http://linkedin.com/in/Nananne
Danika,Danika@yopmail.com,2298,http://linkedin.com/in/Danika
Sissy,Sissy@yopmail.com,1844,http://linkedin.com/in/Sissy
Maye,Maye@yopmail.com,8780,http://linkedin.com/in/Maye
Susette,Susette@yopmail.com,9009,http://linkedin.com/in/Susette
Bill,Bill@yopmail.com,1301,http://linkedin.com/in/Bill
Mallory,Mallory@yopmail.com,9244,http://linkedin.com/in/Mallory
Sharlene,Sharlene@yopmail.com,4622,http://linkedin.com/in/Sharlene
Elfreda,Elfreda@yopmail.com,1122,http://linkedin.com/in/Elfreda
Starla,Starla@yopmail.com,9113,http://linkedin.com/in/Starla
Tiffie,Tiffie@yopmail.com,9918,http://linkedin.com/in/Tiffie
Katleen,Katleen@yopmail.com,1888,http://linkedin.com/in/Katleen
Orsola,Orsola@yopmail.com,6013,http://linkedin.com/in/Orsola
Caressa,Caressa@yopmail.com,8212,http://linkedin.com/in/Caressa
Tami,Tami@yopmail.com,8634,http://linkedin.com/in/Tami
Rosaline,Rosaline@yopmail.com,8908,http://linkedin.com/in/Rosaline
Agathe,Agathe@yopmail.com,4402,http://linkedin.com/in/Agathe
Peri,Peri@yopmail.com,8481,http://linkedin.com/in/Peri
Lita,Lita@yopmail.com,6154,http://linkedin.com/in/Lita
Bibby,Bibby@yopmail.com,9270,http://linkedin.com/in/Bibby
Helsa,Helsa@yopmail.com,7211,http://linkedin.com/in/Helsa
Loree,Loree@yopmail.com,5149,http://linkedin.com/in/Loree
Mignon,Mignon@yopmail.com,8223,http://linkedin.com/in/Mignon
Tomasina,Tomasina@yopmail.com,5707,http://linkedin.com/in/Tomasina
Catharine,Catharine@yopmail.com,4461,http://linkedin.com/in/Catharine
Alameda,Alameda@yopmail.com,8191,http://linkedin.com/in/Alameda
Barbara,Barbara@yopmail.com,1516,http://linkedin.com/in/Barbara
Almeta,Almeta@yopmail.com,6807,http://linkedin.com/in/Almeta
Jasmina,Jasmina@yopmail.com,5517,http://linkedin.com/in/Jasmina
Deirdre,Deirdre@yopmail.com,9355,http://linkedin.com/in/Deirdre
Elvira,Elvira@yopmail.com,4331,http://linkedin.com/in/Elvira
Ernesta,Ernesta@yopmail.com,6844,http://linkedin.com/in/Ernesta
Katharina,Katharina@yopmail.com,9096,http://linkedin.com/in/Katharina
Glynnis,Glynnis@yopmail.com,5245,http://linkedin.com/in/Glynnis
Lolita,Lolita@yopmail.com,8971,http://linkedin.com/in/Lolita
Rubie,Rubie@yopmail.com,9275,http://linkedin.com/in/Rubie
Kore,Kore@yopmail.com,6280,http://linkedin.com/in/Kore
Betta,Betta@yopmail.com,3762,http://linkedin.com/in/Betta
Beth,Beth@yopmail.com,8389,http://linkedin.com/in/Beth
Nikki,Nikki@yopmail.com,2829,http://linkedin.com/in/Nikki
Merci,Merci@yopmail.com,7010,http://linkedin.com/in/Merci
Diena,Diena@yopmail.com,2015,http://linkedin.com/in/Diena
Jackie,Jackie@yopmail.com,6619,http://linkedin.com/in/Jackie
Christy,Christy@yopmail.com,6805,http://linkedin.com/in/Christy
Sindee,Sindee@yopmail.com,6227,http://linkedin.com/in/Sindee
Willetta,Willetta@yopmail.com,5337,http://linkedin.com/in/Willetta
Trudie,Trudie@yopmail.com,2124,http://linkedin.com/in/Trudie
Reeba,Reeba@yopmail.com,3643,http://linkedin.com/in/Reeba
Karena,Karena@yopmail.com,8138,http://linkedin.com/in/Karena
Bettine,Bettine@yopmail.com,4238,http://linkedin.com/in/Bettine
Mireielle,Mireielle@yopmail.com,4602,http://linkedin.com/in/Mireielle
Hyacinthe,Hyacinthe@yopmail.com,3390,http://linkedin.com/in/Hyacinthe
Jennica,Jennica@yopmail.com,1749,http://linkedin.com/in/Jennica
Shell,Shell@yopmail.com,4704,http://linkedin.com/in/Shell
Charlena,Charlena@yopmail.com,5111,http://linkedin.com/in/Charlena
Katuscha,Katuscha@yopmail.com,6405,http://linkedin.com/in/Katuscha
Dale,Dale@yopmail.com,5621,http://linkedin.com/in/Dale
Leanna,Leanna@yopmail.com,3366,http://linkedin.com/in/Leanna
Flo,Flo@yopmail.com,5705,http://linkedin.com/in/Flo
Korrie,Korrie@yopmail.com,1587,http://linkedin.com/in/Korrie
Lesly,Lesly@yopmail.com,1724,http://linkedin.com/in/Lesly
Dawn,Dawn@yopmail.com,5716,http://linkedin.com/in/Dawn
Clementine,Clementine@yopmail.com,8741,http://linkedin.com/in/Clementine
Coral,Coral@yopmail.com,2639,http://linkedin.com/in/Coral
Teriann,Teriann@yopmail.com,9995,http://linkedin.com/in/Teriann
Desirae,Desirae@yopmail.com,2277,http://linkedin.com/in/Desirae
Helsa,Helsa@yopmail.com,8687,http://linkedin.com/in/Helsa
Candy,Candy@yopmail.com,2640,http://linkedin.com/in/Candy
Alleen,Alleen@yopmail.com,9988,http://linkedin.com/in/Alleen
Fred,Fred@yopmail.com,4877,http://linkedin.com/in/Fred
Eadie,Eadie@yopmail.com,1160,http://linkedin.com/in/Eadie
Emilia,Emilia@yopmail.com,2452,http://linkedin.com/in/Emilia
Ingrid,Ingrid@yopmail.com,6583,http://linkedin.com/in/Ingrid
Mireielle,Mireielle@yopmail.com,2074,http://linkedin.com/in/Mireielle
Merrie,Merrie@yopmail.com,9296,http://linkedin.com/in/Merrie
Melisent,Melisent@yopmail.com,2233,http://linkedin.com/in/Melisent
Emylee,Emylee@yopmail.com,4610,http://linkedin.com/in/Emylee
Ada,Ada@yopmail.com,6164,http://linkedin.com/in/Ada
Jsandye,Jsandye@yopmail.com,1547,http://linkedin.com/in/Jsandye
Jaclyn,Jaclyn@yopmail.com,3812,http://linkedin.com/in/Jaclyn
Bettine,Bettine@yopmail.com,7142,http://linkedin.com/in/Bettine
Angelique,Angelique@yopmail.com,1851,http://linkedin.com/in/Angelique
Maridel,Maridel@yopmail.com,5959,http://linkedin.com/in/Maridel
Rebeca,Rebeca@yopmail.com,3742,http://linkedin.com/in/Rebeca
Tersina,Tersina@yopmail.com,4397,http://linkedin.com/in/Tersina
Zondra,Zondra@yopmail.com,1414,http://linkedin.com/in/Zondra
Dorene,Dorene@yopmail.com,1502,http://linkedin.com/in/Dorene
Janey,Janey@yopmail.com,5189,http://linkedin.com/in/Janey
Sadie,Sadie@yopmail.com,7144,http://linkedin.com/in/Sadie
Chrystel,Chrystel@yopmail.com,8631,http://linkedin.com/in/Chrystel
Ricky,Ricky@yopmail.com,5601,http://linkedin.com/in/Ricky
Letizia,Letizia@yopmail.com,5472,http://linkedin.com/in/Letizia
Caressa,Caressa@yopmail.com,6842,http://linkedin.com/in/Caressa
Dacia,Dacia@yopmail.com,1890,http://linkedin.com/in/Dacia
Inga,Inga@yopmail.com,3068,http://linkedin.com/in/Inga
Arlina,Arlina@yopmail.com,8472,http://linkedin.com/in/Arlina
Adelle,Adelle@yopmail.com,4055,http://linkedin.com/in/Adelle
Corly,Corly@yopmail.com,8312,http://linkedin.com/in/Corly
Aeriela,Aeriela@yopmail.com,1187,http://linkedin.com/in/Aeriela
Cathie,Cathie@yopmail.com,6343,http://linkedin.com/in/Cathie
Marnia,Marnia@yopmail.com,7286,http://linkedin.com/in/Marnia
Alexine,Alexine@yopmail.com,3226,http://linkedin.com/in/Alexine
Myrtice,Myrtice@yopmail.com,2353,http://linkedin.com/in/Myrtice
Nikki,Nikki@yopmail.com,6800,http://linkedin.com/in/Nikki
Sara-Ann,Sara-Ann@yopmail.com,7262,http://linkedin.com/in/Sara-Ann
Neila,Neila@yopmail.com,7038,http://linkedin.com/in/Neila
Beatriz,Beatriz@yopmail.com,9665,http://linkedin.com/in/Beatriz
Tonia,Tonia@yopmail.com,9947,http://linkedin.com/in/Tonia
Sibella,Sibella@yopmail.com,3290,http://linkedin.com/in/Sibella
Gilligan,Gilligan@yopmail.com,7704,http://linkedin.com/in/Gilligan
Edee,Edee@yopmail.com,6907,http://linkedin.com/in/Edee
Lenna,Lenna@yopmail.com,6916,http://linkedin.com/in/Lenna
Stephanie,Stephanie@yopmail.com,7395,http://linkedin.com/in/Stephanie
Gerrie,Gerrie@yopmail.com,8218,http://linkedin.com/in/Gerrie
Cathyleen,Cathyleen@yopmail.com,4499,http://linkedin.com/in/Cathyleen
Ida,Ida@yopmail.com,2127,http://linkedin.com/in/Ida
Rubie,Rubie@yopmail.com,9063,http://linkedin.com/in/Rubie
Ada,Ada@yopmail.com,7490,http://linkedin.com/in/Ada
Gusella,Gusella@yopmail.com,5227,http://linkedin.com/in/Gusella
Tybie,Tybie@yopmail.com,9106,http://linkedin.com/in/Tybie
Tiffie,Tiffie@yopmail.com,9891,http://linkedin.com/in/Tiffie
Helena,Helena@yopmail.com,1181,http://linkedin.com/in/Helena
Basia,Basia@yopmail.com,6728,http://linkedin.com/in/Basia
Lilith,Lilith@yopmail.com,4246,http://linkedin.com/in/Lilith
Calla,Calla@yopmail.com,6637,http://linkedin.com/in/Calla
Elise,Elise@yopmail.com,9425,http://linkedin.com/in/Elise
Marcelline,Marcelline@yopmail.com,4341,http://linkedin.com/in/Marcelline
Tracey,Tracey@yopmail.com,7544,http://linkedin.com/in/Tracey
Nessie,Nessie@yopmail.com,4399,http://linkedin.com/in/Nessie
Kathy,Kathy@yopmail.com,1355,http://linkedin.com/in/Kathy
Frances,Frances@yopmail.com,8141,http://linkedin.com/in/Frances
Grier,Grier@yopmail.com,6699,http://linkedin.com/in/Grier
Cristabel,Cristabel@yopmail.com,3283,http://linkedin.com/in/Cristabel
Queenie,Queenie@yopmail.com,8215,http://linkedin.com/in/Queenie
Elfreda,Elfreda@yopmail.com,8101,http://linkedin.com/in/Elfreda
Clo,Clo@yopmail.com,7630,http://linkedin.com/in/Clo
Sallie,Sallie@yopmail.com,6165,http://linkedin.com/in/Sallie
Cyb,Cyb@yopmail.com,9264,http://linkedin.com/in/Cyb
Raina,Raina@yopmail.com,9131,http://linkedin.com/in/Raina
Ana,Ana@yopmail.com,3113,http://linkedin.com/in/Ana
Dari,Dari@yopmail.com,5385,http://linkedin.com/in/Dari
Ebonee,Ebonee@yopmail.com,2569,http://linkedin.com/in/Ebonee
Ileana,Ileana@yopmail.com,2913,http://linkedin.com/in/Ileana
Ebonee,Ebonee@yopmail.com,8027,http://linkedin.com/in/Ebonee
Vevay,Vevay@yopmail.com,5582,http://linkedin.com/in/Vevay
Ebonee,Ebonee@yopmail.com,9431,http://linkedin.com/in/Ebonee
Gabriellia,Gabriellia@yopmail.com,1948,http://linkedin.com/in/Gabriellia
Fernande,Fernande@yopmail.com,3435,http://linkedin.com/in/Fernande
Marguerite,Marguerite@yopmail.com,6892,http://linkedin.com/in/Marguerite
Yolane,Yolane@yopmail.com,9103,http://linkedin.com/in/Yolane
Kayla,Kayla@yopmail.com,6008,http://linkedin.com/in/Kayla
Selia,Selia@yopmail.com,7992,http://linkedin.com/in/Selia
Corene,Corene@yopmail.com,5377,http://linkedin.com/in/Corene
Jeanna,Jeanna@yopmail.com,5350,http://linkedin.com/in/Jeanna
Eadie,Eadie@yopmail.com,8733,http://linkedin.com/in/Eadie
Molli,Molli@yopmail.com,9638,http://linkedin.com/in/Molli
Sharai,Sharai@yopmail.com,1545,http://linkedin.com/in/Sharai
Melina,Melina@yopmail.com,6961,http://linkedin.com/in/Melina
Tatiania,Tatiania@yopmail.com,3962,http://linkedin.com/in/Tatiania
Marline,Marline@yopmail.com,1990,http://linkedin.com/in/Marline
Maridel,Maridel@yopmail.com,3201,http://linkedin.com/in/Maridel
Shel,Shel@yopmail.com,7419,http://linkedin.com/in/Shel
Harmonia,Harmonia@yopmail.com,4152,http://linkedin.com/in/Harmonia
Lolita,Lolita@yopmail.com,6642,http://linkedin.com/in/Lolita
Christian,Christian@yopmail.com,5130,http://linkedin.com/in/Christian
Shannah,Shannah@yopmail.com,2120,http://linkedin.com/in/Shannah
Lynea,Lynea@yopmail.com,4536,http://linkedin.com/in/Lynea
Felice,Felice@yopmail.com,5484,http://linkedin.com/in/Felice
Joeann,Joeann@yopmail.com,2485,http://linkedin.com/in/Joeann
Dorthy,Dorthy@yopmail.com,9564,http://linkedin.com/in/Dorthy
Bernie,Bernie@yopmail.com,3664,http://linkedin.com/in/Bernie
Kimberley,Kimberley@yopmail.com,8415,http://linkedin.com/in/Kimberley
Farrah,Farrah@yopmail.com,2396,http://linkedin.com/in/Farrah
Tierney,Tierney@yopmail.com,9023,http://linkedin.com/in/Tierney
Celestyna,Celestyna@yopmail.com,4500,http://linkedin.com/in/Celestyna
Brianna,Brianna@yopmail.com,2360,http://linkedin.com/in/Brianna
Bobbi,Bobbi@yopmail.com,3900,http://linkedin.com/in/Bobbi
Nadine,Nadine@yopmail.com,6444,http://linkedin.com/in/Nadine
Olivette,Olivette@yopmail.com,7223,http://linkedin.com/in/Olivette
Fanny,Fanny@yopmail.com,1358,http://linkedin.com/in/Fanny
Georgina,Georgina@yopmail.com,3894,http://linkedin.com/in/Georgina
Ellette,Ellette@yopmail.com,5412,http://linkedin.com/in/Ellette
Aili,Aili@yopmail.com,9437,http://linkedin.com/in/Aili
Letizia,Letizia@yopmail.com,6790,http://linkedin.com/in/Letizia
Tomasina,Tomasina@yopmail.com,9763,http://linkedin.com/in/Tomasina
Elbertina,Elbertina@yopmail.com,7012,http://linkedin.com/in/Elbertina
Netty,Netty@yopmail.com,8990,http://linkedin.com/in/Netty
Bobbi,Bobbi@yopmail.com,7622,http://linkedin.com/in/Bobbi
Arlina,Arlina@yopmail.com,5120,http://linkedin.com/in/Arlina
Kirstin,Kirstin@yopmail.com,8911,http://linkedin.com/in/Kirstin
Blondelle,Blondelle@yopmail.com,5187,http://linkedin.com/in/Blondelle
Nessie,Nessie@yopmail.com,9528,http://linkedin.com/in/Nessie
Lizzie,Lizzie@yopmail.com,8146,http://linkedin.com/in/Lizzie
Fredericka,Fredericka@yopmail.com,4988,http://linkedin.com/in/Fredericka
Agnese,Agnese@yopmail.com,5206,http://linkedin.com/in/Agnese
Joane,Joane@yopmail.com,9447,http://linkedin.com/in/Joane
Randa,Randa@yopmail.com,1700,http://linkedin.com/in/Randa
Hallie,Hallie@yopmail.com,1129,http://linkedin.com/in/Hallie
Rayna,Rayna@yopmail.com,4800,http://linkedin.com/in/Rayna
Joy,Joy@yopmail.com,3720,http://linkedin.com/in/Joy
Natka,Natka@yopmail.com,6616,http://linkedin.com/in/Natka
Adele,Adele@yopmail.com,4477,http://linkedin.com/in/Adele
Coral,Coral@yopmail.com,7511,http://linkedin.com/in/Coral
Emylee,Emylee@yopmail.com,7575,http://linkedin.com/in/Emylee
Peri,Peri@yopmail.com,5921,http://linkedin.com/in/Peri
Dale,Dale@yopmail.com,8599,http://linkedin.com/in/Dale
Genovera,Genovera@yopmail.com,4980,http://linkedin.com/in/Genovera
Harrietta,Harrietta@yopmail.com,9928,http://linkedin.com/in/Harrietta
Chastity,Chastity@yopmail.com,2808,http://linkedin.com/in/Chastity
Sophia,Sophia@yopmail.com,3431,http://linkedin.com/in/Sophia
Marjie,Marjie@yopmail.com,8503,http://linkedin.com/in/Marjie
Caryl,Caryl@yopmail.com,4780,http://linkedin.com/in/Caryl
Zia,Zia@yopmail.com,9867,http://linkedin.com/in/Zia
Charlena,Charlena@yopmail.com,8878,http://linkedin.com/in/Charlena
Fawne,Fawne@yopmail.com,7045,http://linkedin.com/in/Fawne
Jasmina,Jasmina@yopmail.com,8615,http://linkedin.com/in/Jasmina
Helena,Helena@yopmail.com,9317,http://linkedin.com/in/Helena
Cassondra,Cassondra@yopmail.com,5141,http://linkedin.com/in/Cassondra
Celisse,Celisse@yopmail.com,9435,http://linkedin.com/in/Celisse
Gusella,Gusella@yopmail.com,5184,http://linkedin.com/in/Gusella
Cissiee,Cissiee@yopmail.com,7690,http://linkedin.com/in/Cissiee
Deedee,Deedee@yopmail.com,8759,http://linkedin.com/in/Deedee
Mellicent,Mellicent@yopmail.com,9535,http://linkedin.com/in/Mellicent
Gaylene,Gaylene@yopmail.com,4016,http://linkedin.com/in/Gaylene
Lacie,Lacie@yopmail.com,6434,http://linkedin.com/in/Lacie
Linet,Linet@yopmail.com,3811,http://linkedin.com/in/Linet
Evaleen,Evaleen@yopmail.com,3133,http://linkedin.com/in/Evaleen
Latisha,Latisha@yopmail.com,8991,http://linkedin.com/in/Latisha
Calla,Calla@yopmail.com,6395,http://linkedin.com/in/Calla
Jany,Jany@yopmail.com,2819,http://linkedin.com/in/Jany
Ardys,Ardys@yopmail.com,1188,http://linkedin.com/in/Ardys
Feliza,Feliza@yopmail.com,9439,http://linkedin.com/in/Feliza
Phedra,Phedra@yopmail.com,3245,http://linkedin.com/in/Phedra
Alex,Alex@yopmail.com,3631,http://linkedin.com/in/Alex
Brooks,Brooks@yopmail.com,5148,http://linkedin.com/in/Brooks
Kristan,Kristan@yopmail.com,2035,http://linkedin.com/in/Kristan
Lyssa,Lyssa@yopmail.com,2668,http://linkedin.com/in/Lyssa
Wynne,Wynne@yopmail.com,5139,http://linkedin.com/in/Wynne
Mamie,Mamie@yopmail.com,5723,http://linkedin.com/in/Mamie
Babita,Babita@yopmail.com,1770,http://linkedin.com/in/Babita
Codie,Codie@yopmail.com,1603,http://linkedin.com/in/Codie
Jolyn,Jolyn@yopmail.com,7360,http://linkedin.com/in/Jolyn
Tybie,Tybie@yopmail.com,4482,http://linkedin.com/in/Tybie
Sarette,Sarette@yopmail.com,4235,http://linkedin.com/in/Sarette
Emilia,Emilia@yopmail.com,4713,http://linkedin.com/in/Emilia
Christian,Christian@yopmail.com,3687,http://linkedin.com/in/Christian
Mignon,Mignon@yopmail.com,2048,http://linkedin.com/in/Mignon
Pamella,Pamella@yopmail.com,3759,http://linkedin.com/in/Pamella
Mellicent,Mellicent@yopmail.com,6722,http://linkedin.com/in/Mellicent
Edee,Edee@yopmail.com,8318,http://linkedin.com/in/Edee
Kore,Kore@yopmail.com,4573,http://linkedin.com/in/Kore
Clary,Clary@yopmail.com,1265,http://linkedin.com/in/Clary
Kenna,Kenna@yopmail.com,7375,http://linkedin.com/in/Kenna
Agathe,Agathe@yopmail.com,1597,http://linkedin.com/in/Agathe
Dagmar,Dagmar@yopmail.com,2888,http://linkedin.com/in/Dagmar
Lorie,Lorie@yopmail.com,2439,http://linkedin.com/in/Lorie
Michaelina,Michaelina@yopmail.com,7882,http://linkedin.com/in/Michaelina
Deane,Deane@yopmail.com,6001,http://linkedin.com/in/Deane
Chloris,Chloris@yopmail.com,1409,http://linkedin.com/in/Chloris
Meriel,Meriel@yopmail.com,8532,http://linkedin.com/in/Meriel
Gretal,Gretal@yopmail.com,2299,http://linkedin.com/in/Gretal
Bobbi,Bobbi@yopmail.com,8874,http://linkedin.com/in/Bobbi
Adore,Adore@yopmail.com,4680,http://linkedin.com/in/Adore
Shell,Shell@yopmail.com,5674,http://linkedin.com/in/Shell
Gusty,Gusty@yopmail.com,1175,http://linkedin.com/in/Gusty
Gisela,Gisela@yopmail.com,3114,http://linkedin.com/in/Gisela
Dolli,Dolli@yopmail.com,4173,http://linkedin.com/in/Dolli
Jorry,Jorry@yopmail.com,1988,http://linkedin.com/in/Jorry
Sarette,Sarette@yopmail.com,1986,http://linkedin.com/in/Sarette
Hermione,Hermione@yopmail.com,3185,http://linkedin.com/in/Hermione
Janenna,Janenna@yopmail.com,4355,http://linkedin.com/in/Janenna
Vere,Vere@yopmail.com,1262,http://linkedin.com/in/Vere
Viki,Viki@yopmail.com,9933,http://linkedin.com/in/Viki
Jessamyn,Jessamyn@yopmail.com,1083,http://linkedin.com/in/Jessamyn
Camile,Camile@yopmail.com,3865,http://linkedin.com/in/Camile
Janis,Janis@yopmail.com,8128,http://linkedin.com/in/Janis
Shirlee,Shirlee@yopmail.com,3443,http://linkedin.com/in/Shirlee
Loree,Loree@yopmail.com,3611,http://linkedin.com/in/Loree
Oralee,Oralee@yopmail.com,7023,http://linkedin.com/in/Oralee
Phylis,Phylis@yopmail.com,4607,http://linkedin.com/in/Phylis
Jorry,Jorry@yopmail.com,8260,http://linkedin.com/in/Jorry
Jillayne,Jillayne@yopmail.com,1121,http://linkedin.com/in/Jillayne
Edyth,Edyth@yopmail.com,8596,http://linkedin.com/in/Edyth
Atlanta,Atlanta@yopmail.com,5053,http://linkedin.com/in/Atlanta
Siana,Siana@yopmail.com,8255,http://linkedin.com/in/Siana
Mariele,Mariele@yopmail.com,7498,http://linkedin.com/in/Mariele
Gretal,Gretal@yopmail.com,5404,http://linkedin.com/in/Gretal
Nariko,Nariko@yopmail.com,6390,http://linkedin.com/in/Nariko
Therine,Therine@yopmail.com,7542,http://linkedin.com/in/Therine
Cathie,Cathie@yopmail.com,9776,http://linkedin.com/in/Cathie
Cacilie,Cacilie@yopmail.com,4577,http://linkedin.com/in/Cacilie
Neila,Neila@yopmail.com,8105,http://linkedin.com/in/Neila
Vonny,Vonny@yopmail.com,1761,http://linkedin.com/in/Vonny
Daune,Daune@yopmail.com,1810,http://linkedin.com/in/Daune
Courtnay,Courtnay@yopmail.com,3529,http://linkedin.com/in/Courtnay
Misha,Misha@yopmail.com,1037,http://linkedin.com/in/Misha
Wynne,Wynne@yopmail.com,9944,http://linkedin.com/in/Wynne
Mahalia,Mahalia@yopmail.com,3793,http://linkedin.com/in/Mahalia
Leona,Leona@yopmail.com,6338,http://linkedin.com/in/Leona
Marjie,Marjie@yopmail.com,5001,http://linkedin.com/in/Marjie
Gloria,Gloria@yopmail.com,3859,http://linkedin.com/in/Gloria
Doro,Doro@yopmail.com,5790,http://linkedin.com/in/Doro
Ashlee,Ashlee@yopmail.com,4941,http://linkedin.com/in/Ashlee
Claudina,Claudina@yopmail.com,6624,http://linkedin.com/in/Claudina
Gloria,Gloria@yopmail.com,4845,http://linkedin.com/in/Gloria
Deirdre,Deirdre@yopmail.com,7720,http://linkedin.com/in/Deirdre
Marnia,Marnia@yopmail.com,8725,http://linkedin.com/in/Marnia
Nataline,Nataline@yopmail.com,8478,http://linkedin.com/in/Nataline
Jerry,Jerry@yopmail.com,1246,http://linkedin.com/in/Jerry
Aryn,Aryn@yopmail.com,8120,http://linkedin.com/in/Aryn
Renie,Renie@yopmail.com,7715,http://linkedin.com/in/Renie
Nataline,Nataline@yopmail.com,1333,http://linkedin.com/in/Nataline
Florie,Florie@yopmail.com,8736,http://linkedin.com/in/Florie
Nyssa,Nyssa@yopmail.com,7752,http://linkedin.com/in/Nyssa
Julieta,Julieta@yopmail.com,9905,http://linkedin.com/in/Julieta
Chickie,Chickie@yopmail.com,5300,http://linkedin.com/in/Chickie
Elyssa,Elyssa@yopmail.com,9220,http://linkedin.com/in/Elyssa
Tilly,Tilly@yopmail.com,9961,http://linkedin.com/in/Tilly
Joeann,Joeann@yopmail.com,7265,http://linkedin.com/in/Joeann
Jinny,Jinny@yopmail.com,5065,http://linkedin.com/in/Jinny
Cathie,Cathie@yopmail.com,4997,http://linkedin.com/in/Cathie
Lucille,Lucille@yopmail.com,7205,http://linkedin.com/in/Lucille
Valera,Valera@yopmail.com,4076,http://linkedin.com/in/Valera
Drucie,Drucie@yopmail.com,8707,http://linkedin.com/in/Drucie
Jean,Jean@yopmail.com,5219,http://linkedin.com/in/Jean
Yetty,Yetty@yopmail.com,6760,http://linkedin.com/in/Yetty
Grier,Grier@yopmail.com,7985,http://linkedin.com/in/Grier
Tami,Tami@yopmail.com,3952,http://linkedin.com/in/Tami
Annaliese,Annaliese@yopmail.com,7825,http://linkedin.com/in/Annaliese
Heddie,Heddie@yopmail.com,4075,http://linkedin.com/in/Heddie
Krystle,Krystle@yopmail.com,3570,http://linkedin.com/in/Krystle
Adore,Adore@yopmail.com,4629,http://linkedin.com/in/Adore
Gaylene,Gaylene@yopmail.com,1024,http://linkedin.com/in/Gaylene
Gale,Gale@yopmail.com,4812,http://linkedin.com/in/Gale
Konstance,Konstance@yopmail.com,1339,http://linkedin.com/in/Konstance
Perry,Perry@yopmail.com,1357,http://linkedin.com/in/Perry
Kathi,Kathi@yopmail.com,6494,http://linkedin.com/in/Kathi
Aili,Aili@yopmail.com,4003,http://linkedin.com/in/Aili
Mariele,Mariele@yopmail.com,1292,http://linkedin.com/in/Mariele
Concettina,Concettina@yopmail.com,3971,http://linkedin.com/in/Concettina
Marylou,Marylou@yopmail.com,1335,http://linkedin.com/in/Marylou
Lenna,Lenna@yopmail.com,1908,http://linkedin.com/in/Lenna
Deirdre,Deirdre@yopmail.com,8459,http://linkedin.com/in/Deirdre
Fanny,Fanny@yopmail.com,2939,http://linkedin.com/in/Fanny
Leona,Leona@yopmail.com,9968,http://linkedin.com/in/Leona
Sallie,Sallie@yopmail.com,1285,http://linkedin.com/in/Sallie
Aeriela,Aeriela@yopmail.com,9989,http://linkedin.com/in/Aeriela
Mahalia,Mahalia@yopmail.com,3290,http://linkedin.com/in/Mahalia
Marline,Marline@yopmail.com,3396,http://linkedin.com/in/Marline
Nita,Nita@yopmail.com,3895,http://linkedin.com/in/Nita
Priscilla,Priscilla@yopmail.com,6551,http://linkedin.com/in/Priscilla
Gabi,Gabi@yopmail.com,2051,http://linkedin.com/in/Gabi
Ricky,Ricky@yopmail.com,1518,http://linkedin.com/in/Ricky
Gwyneth,Gwyneth@yopmail.com,4014,http://linkedin.com/in/Gwyneth
Josephine,Josephine@yopmail.com,3982,http://linkedin.com/in/Josephine
Damaris,Damaris@yopmail.com,9831,http://linkedin.com/in/Damaris
Sean,Sean@yopmail.com,4599,http://linkedin.com/in/Sean
Tressa,Tressa@yopmail.com,5561,http://linkedin.com/in/Tressa
Marti,Marti@yopmail.com,2769,http://linkedin.com/in/Marti
Roberta,Roberta@yopmail.com,4176,http://linkedin.com/in/Roberta
Ana,Ana@yopmail.com,8997,http://linkedin.com/in/Ana
Roxane,Roxane@yopmail.com,2844,http://linkedin.com/in/Roxane
Jean,Jean@yopmail.com,8670,http://linkedin.com/in/Jean
Roz,Roz@yopmail.com,4418,http://linkedin.com/in/Roz
Elfreda,Elfreda@yopmail.com,1050,http://linkedin.com/in/Elfreda
Bobbi,Bobbi@yopmail.com,6282,http://linkedin.com/in/Bobbi
Grier,Grier@yopmail.com,2143,http://linkedin.com/in/Grier
Agathe,Agathe@yopmail.com,7065,http://linkedin.com/in/Agathe
Trudie,Trudie@yopmail.com,9829,http://linkedin.com/in/Trudie
Chastity,Chastity@yopmail.com,2166,http://linkedin.com/in/Chastity
Konstance,Konstance@yopmail.com,3125,http://linkedin.com/in/Konstance
Sallie,Sallie@yopmail.com,7304,http://linkedin.com/in/Sallie
Norine,Norine@yopmail.com,9993,http://linkedin.com/in/Norine
Andree,Andree@yopmail.com,4402,http://linkedin.com/in/Andree
Sissy,Sissy@yopmail.com,9539,http://linkedin.com/in/Sissy
Edee,Edee@yopmail.com,3898,http://linkedin.com/in/Edee
Pearline,Pearline@yopmail.com,5422,http://linkedin.com/in/Pearline
Anthia,Anthia@yopmail.com,4393,http://linkedin.com/in/Anthia
Karena,Karena@yopmail.com,9062,http://linkedin.com/in/Karena
Iseabal,Iseabal@yopmail.com,8882,http://linkedin.com/in/Iseabal
Hayley,Hayley@yopmail.com,9598,http://linkedin.com/in/Hayley
Roberta,Roberta@yopmail.com,6595,http://linkedin.com/in/Roberta
Estell,Estell@yopmail.com,3373,http://linkedin.com/in/Estell
Dorene,Dorene@yopmail.com,6237,http://linkedin.com/in/Dorene
Caryl,Caryl@yopmail.com,9254,http://linkedin.com/in/Caryl
Dennie,Dennie@yopmail.com,1924,http://linkedin.com/in/Dennie
Dale,Dale@yopmail.com,5073,http://linkedin.com/in/Dale
Veda,Veda@yopmail.com,8155,http://linkedin.com/in/Veda
Binny,Binny@yopmail.com,9301,http://linkedin.com/in/Binny
Ketti,Ketti@yopmail.com,9377,http://linkedin.com/in/Ketti
Bernardine,Bernardine@yopmail.com,4418,http://linkedin.com/in/Bernardine
Gretal,Gretal@yopmail.com,4255,http://linkedin.com/in/Gretal
Viki,Viki@yopmail.com,8734,http://linkedin.com/in/Viki
Perry,Perry@yopmail.com,7265,http://linkedin.com/in/Perry
Rhea,Rhea@yopmail.com,5294,http://linkedin.com/in/Rhea
Cassandra,Cassandra@yopmail.com,8448,http://linkedin.com/in/Cassandra
Cacilie,Cacilie@yopmail.com,9460,http://linkedin.com/in/Cacilie
Madeleine,Madeleine@yopmail.com,4490,http://linkedin.com/in/Madeleine
Codie,Codie@yopmail.com,5711,http://linkedin.com/in/Codie
Barbara,Barbara@yopmail.com,8612,http://linkedin.com/in/Barbara
Devina,Devina@yopmail.com,5413,http://linkedin.com/in/Devina
Ursulina,Ursulina@yopmail.com,9770,http://linkedin.com/in/Ursulina
Merle,Merle@yopmail.com,7303,http://linkedin.com/in/Merle
Kaja,Kaja@yopmail.com,5562,http://linkedin.com/in/Kaja
Tori,Tori@yopmail.com,7770,http://linkedin.com/in/Tori
Bertine,Bertine@yopmail.com,8779,http://linkedin.com/in/Bertine
Kara-Lynn,Kara-Lynn@yopmail.com,5106,http://linkedin.com/in/Kara-Lynn
Marinna,Marinna@yopmail.com,4581,http://linkedin.com/in/Marinna
Berget,Berget@yopmail.com,8487,http://linkedin.com/in/Berget
Pearline,Pearline@yopmail.com,8925,http://linkedin.com/in/Pearline
Christian,Christian@yopmail.com,3643,http://linkedin.com/in/Christian
Natka,Natka@yopmail.com,2272,http://linkedin.com/in/Natka
Romona,Romona@yopmail.com,5138,http://linkedin.com/in/Romona
Viviene,Viviene@yopmail.com,4392,http://linkedin.com/in/Viviene
Donnie,Donnie@yopmail.com,2743,http://linkedin.com/in/Donnie
Kaja,Kaja@yopmail.com,7352,http://linkedin.com/in/Kaja
Kittie,Kittie@yopmail.com,2707,http://linkedin.com/in/Kittie
Henriette,Henriette@yopmail.com,1280,http://linkedin.com/in/Henriette
Marjie,Marjie@yopmail.com,8308,http://linkedin.com/in/Marjie
Adelle,Adelle@yopmail.com,2015,http://linkedin.com/in/Adelle
Bobinette,Bobinette@yopmail.com,6288,http://linkedin.com/in/Bobinette
Rosanne,Rosanne@yopmail.com,2342,http://linkedin.com/in/Rosanne
Jinny,Jinny@yopmail.com,1076,http://linkedin.com/in/Jinny
Rhoda,Rhoda@yopmail.com,7225,http://linkedin.com/in/Rhoda
Theodora,Theodora@yopmail.com,6588,http://linkedin.com/in/Theodora
Donnie,Donnie@yopmail.com,3629,http://linkedin.com/in/Donnie
Gretal,Gretal@yopmail.com,7176,http://linkedin.com/in/Gretal
Angelique,Angelique@yopmail.com,8527,http://linkedin.com/in/Angelique
Sonni,Sonni@yopmail.com,9647,http://linkedin.com/in/Sonni
Gui,Gui@yopmail.com,4271,http://linkedin.com/in/Gui
Jackie,Jackie@yopmail.com,3213,http://linkedin.com/in/Jackie
Abbie,Abbie@yopmail.com,5581,http://linkedin.com/in/Abbie
Lory,Lory@yopmail.com,3299,http://linkedin.com/in/Lory
Catrina,Catrina@yopmail.com,4722,http://linkedin.com/in/Catrina
Priscilla,Priscilla@yopmail.com,8969,http://linkedin.com/in/Priscilla
Kathy,Kathy@yopmail.com,6352,http://linkedin.com/in/Kathy
Tierney,Tierney@yopmail.com,2963,http://linkedin.com/in/Tierney
Tani,Tani@yopmail.com,7012,http://linkedin.com/in/Tani
Bettine,Bettine@yopmail.com,8984,http://linkedin.com/in/Bettine
Fayre,Fayre@yopmail.com,6396,http://linkedin.com/in/Fayre
Tatiania,Tatiania@yopmail.com,6299,http://linkedin.com/in/Tatiania
Gwenneth,Gwenneth@yopmail.com,3498,http://linkedin.com/in/Gwenneth
Natka,Natka@yopmail.com,8228,http://linkedin.com/in/Natka
Ericka,Ericka@yopmail.com,9649,http://linkedin.com/in/Ericka
Elyssa,Elyssa@yopmail.com,8992,http://linkedin.com/in/Elyssa
Meghann,Meghann@yopmail.com,7781,http://linkedin.com/in/Meghann
Marsiella,Marsiella@yopmail.com,3034,http://linkedin.com/in/Marsiella
Nita,Nita@yopmail.com,8777,http://linkedin.com/in/Nita
Emilia,Emilia@yopmail.com,7411,http://linkedin.com/in/Emilia
Flo,Flo@yopmail.com,1884,http://linkedin.com/in/Flo
Catharine,Catharine@yopmail.com,3957,http://linkedin.com/in/Catharine
Ellette,Ellette@yopmail.com,3066,http://linkedin.com/in/Ellette
Rochette,Rochette@yopmail.com,1984,http://linkedin.com/in/Rochette
Ada,Ada@yopmail.com,8453,http://linkedin.com/in/Ada
Regina,Regina@yopmail.com,8289,http://linkedin.com/in/Regina
Bibby,Bibby@yopmail.com,7691,http://linkedin.com/in/Bibby
Korrie,Korrie@yopmail.com,1144,http://linkedin.com/in/Korrie
Leeanne,Leeanne@yopmail.com,9798,http://linkedin.com/in/Leeanne
Nanete,Nanete@yopmail.com,9348,http://linkedin.com/in/Nanete
Luci,Luci@yopmail.com,9651,http://linkedin.com/in/Luci
Edee,Edee@yopmail.com,8727,http://linkedin.com/in/Edee
Hermione,Hermione@yopmail.com,6430,http://linkedin.com/in/Hermione
Lenna,Lenna@yopmail.com,8576,http://linkedin.com/in/Lenna
Renie,Renie@yopmail.com,1347,http://linkedin.com/in/Renie
Katharina,Katharina@yopmail.com,3569,http://linkedin.com/in/Katharina
Concettina,Concettina@yopmail.com,5768,http://linkedin.com/in/Concettina
Georgetta,Georgetta@yopmail.com,2291,http://linkedin.com/in/Georgetta
Mahalia,Mahalia@yopmail.com,6387,http://linkedin.com/in/Mahalia
Katuscha,Katuscha@yopmail.com,4866,http://linkedin.com/in/Katuscha
Ardys,Ardys@yopmail.com,1756,http://linkedin.com/in/Ardys
Emmey,Emmey@yopmail.com,7762,http://linkedin.com/in/Emmey
Steffane,Steffane@yopmail.com,2604,http://linkedin.com/in/Steffane
Lila,Lila@yopmail.com,4832,http://linkedin.com/in/Lila
Stevana,Stevana@yopmail.com,8526,http://linkedin.com/in/Stevana
Emma,Emma@yopmail.com,1473,http://linkedin.com/in/Emma
Amalie,Amalie@yopmail.com,8382,http://linkedin.com/in/Amalie
Bibby,Bibby@yopmail.com,1937,http://linkedin.com/in/Bibby
Jolyn,Jolyn@yopmail.com,6732,http://linkedin.com/in/Jolyn
Gusella,Gusella@yopmail.com,7349,http://linkedin.com/in/Gusella
Tera,Tera@yopmail.com,4207,http://linkedin.com/in/Tera
Tybie,Tybie@yopmail.com,8657,http://linkedin.com/in/Tybie
Ileana,Ileana@yopmail.com,8120,http://linkedin.com/in/Ileana
Flo,Flo@yopmail.com,7169,http://linkedin.com/in/Flo
Raquela,Raquela@yopmail.com,3218,http://linkedin.com/in/Raquela
Netty,Netty@yopmail.com,4203,http://linkedin.com/in/Netty
Debee,Debee@yopmail.com,6331,http://linkedin.com/in/Debee
Sissy,Sissy@yopmail.com,5452,http://linkedin.com/in/Sissy
Georgetta,Georgetta@yopmail.com,8511,http://linkedin.com/in/Georgetta
Farrah,Farrah@yopmail.com,3296,http://linkedin.com/in/Farrah
Modestia,Modestia@yopmail.com,7317,http://linkedin.com/in/Modestia
Evita,Evita@yopmail.com,7649,http://linkedin.com/in/Evita
Katleen,Katleen@yopmail.com,5933,http://linkedin.com/in/Katleen
Lily,Lily@yopmail.com,6371,http://linkedin.com/in/Lily
Max,Max@yopmail.com,2522,http://linkedin.com/in/Max
Penelopa,Penelopa@yopmail.com,9829,http://linkedin.com/in/Penelopa
Alexine,Alexine@yopmail.com,1088,http://linkedin.com/in/Alexine
Chere,Chere@yopmail.com,7304,http://linkedin.com/in/Chere
Fawne,Fawne@yopmail.com,3967,http://linkedin.com/in/Fawne
Ivett,Ivett@yopmail.com,4138,http://linkedin.com/in/Ivett
Cherrita,Cherrita@yopmail.com,4802,http://linkedin.com/in/Cherrita
Roberta,Roberta@yopmail.com,5938,http://linkedin.com/in/Roberta
Florencia,Florencia@yopmail.com,8347,http://linkedin.com/in/Florencia
Bernardine,Bernardine@yopmail.com,7245,http://linkedin.com/in/Bernardine
Pierette,Pierette@yopmail.com,2478,http://linkedin.com/in/Pierette
Margarette,Margarette@yopmail.com,2983,http://linkedin.com/in/Margarette
Concettina,Concettina@yopmail.com,3080,http://linkedin.com/in/Concettina
Sibella,Sibella@yopmail.com,8735,http://linkedin.com/in/Sibella
Yolane,Yolane@yopmail.com,5208,http://linkedin.com/in/Yolane
Anthia,Anthia@yopmail.com,9913,http://linkedin.com/in/Anthia
Dyann,Dyann@yopmail.com,4543,http://linkedin.com/in/Dyann
Kalina,Kalina@yopmail.com,8278,http://linkedin.com/in/Kalina
Reeba,Reeba@yopmail.com,6067,http://linkedin.com/in/Reeba
Deedee,Deedee@yopmail.com,3793,http://linkedin.com/in/Deedee
Sissy,Sissy@yopmail.com,6381,http://linkedin.com/in/Sissy
Elsie,Elsie@yopmail.com,7542,http://linkedin.com/in/Elsie
Brynna,Brynna@yopmail.com,8331,http://linkedin.com/in/Brynna
Aryn,Aryn@yopmail.com,3912,http://linkedin.com/in/Aryn
Myriam,Myriam@yopmail.com,3053,http://linkedin.com/in/Myriam
Gwenneth,Gwenneth@yopmail.com,7536,http://linkedin.com/in/Gwenneth
Lolita,Lolita@yopmail.com,6650,http://linkedin.com/in/Lolita
Andree,Andree@yopmail.com,6759,http://linkedin.com/in/Andree
Annecorinne,Annecorinne@yopmail.com,3260,http://linkedin.com/in/Annecorinne
Stevana,Stevana@yopmail.com,4604,http://linkedin.com/in/Stevana
Nanete,Nanete@yopmail.com,3171,http://linkedin.com/in/Nanete
Jere,Jere@yopmail.com,9491,http://linkedin.com/in/Jere
Minda,Minda@yopmail.com,7958,http://linkedin.com/in/Minda
Tracey,Tracey@yopmail.com,8677,http://linkedin.com/in/Tracey
Florencia,Florencia@yopmail.com,9752,http://linkedin.com/in/Florencia
Konstance,Konstance@yopmail.com,9316,http://linkedin.com/in/Konstance
Charissa,Charissa@yopmail.com,7668,http://linkedin.com/in/Charissa
Betta,Betta@yopmail.com,9967,http://linkedin.com/in/Betta
Kellen,Kellen@yopmail.com,8775,http://linkedin.com/in/Kellen
Selia,Selia@yopmail.com,1847,http://linkedin.com/in/Selia
Lenna,Lenna@yopmail.com,6030,http://linkedin.com/in/Lenna
Heddie,Heddie@yopmail.com,2302,http://linkedin.com/in/Heddie
Goldie,Goldie@yopmail.com,5061,http://linkedin.com/in/Goldie
Mahalia,Mahalia@yopmail.com,4486,http://linkedin.com/in/Mahalia
Kerrin,Kerrin@yopmail.com,6928,http://linkedin.com/in/Kerrin
Suzette,Suzette@yopmail.com,3380,http://linkedin.com/in/Suzette
Gertrud,Gertrud@yopmail.com,1378,http://linkedin.com/in/Gertrud
Lelah,Lelah@yopmail.com,5142,http://linkedin.com/in/Lelah
Beverley,Beverley@yopmail.com,7806,http://linkedin.com/in/Beverley
Mara,Mara@yopmail.com,7824,http://linkedin.com/in/Mara
Regina,Regina@yopmail.com,3054,http://linkedin.com/in/Regina
Elsie,Elsie@yopmail.com,2353,http://linkedin.com/in/Elsie
Diena,Diena@yopmail.com,3062,http://linkedin.com/in/Diena
Annecorinne,Annecorinne@yopmail.com,3497,http://linkedin.com/in/Annecorinne
Arlina,Arlina@yopmail.com,5707,http://linkedin.com/in/Arlina
Dari,Dari@yopmail.com,9564,http://linkedin.com/in/Dari
Taffy,Taffy@yopmail.com,6134,http://linkedin.com/in/Taffy
Dione,Dione@yopmail.com,3514,http://linkedin.com/in/Dione
Anica,Anica@yopmail.com,1773,http://linkedin.com/in/Anica
Celestyna,Celestyna@yopmail.com,7443,http://linkedin.com/in/Celestyna
Krystle,Krystle@yopmail.com,6628,http://linkedin.com/in/Krystle
Marika,Marika@yopmail.com,5050,http://linkedin.com/in/Marika
Millie,Millie@yopmail.com,9532,http://linkedin.com/in/Millie
Margette,Margette@yopmail.com,2090,http://linkedin.com/in/Margette
Blake,Blake@yopmail.com,2205,http://linkedin.com/in/Blake
Annice,Annice@yopmail.com,1078,http://linkedin.com/in/Annice
Oralee,Oralee@yopmail.com,2079,http://linkedin.com/in/Oralee
Beverley,Beverley@yopmail.com,5475,http://linkedin.com/in/Beverley
Caressa,Caressa@yopmail.com,8323,http://linkedin.com/in/Caressa
Tybie,Tybie@yopmail.com,3868,http://linkedin.com/in/Tybie
Hyacinthe,Hyacinthe@yopmail.com,5061,http://linkedin.com/in/Hyacinthe
Malina,Malina@yopmail.com,5076,http://linkedin.com/in/Malina
Alisha,Alisha@yopmail.com,6798,http://linkedin.com/in/Alisha
Cindelyn,Cindelyn@yopmail.com,8954,http://linkedin.com/in/Cindelyn
Adelle,Adelle@yopmail.com,9868,http://linkedin.com/in/Adelle
Nicoli,Nicoli@yopmail.com,5217,http://linkedin.com/in/Nicoli
Beth,Beth@yopmail.com,3869,http://linkedin.com/in/Beth
Zondra,Zondra@yopmail.com,4379,http://linkedin.com/in/Zondra
Sharai,Sharai@yopmail.com,7075,http://linkedin.com/in/Sharai
Ardeen,Ardeen@yopmail.com,1987,http://linkedin.com/in/Ardeen
Livvyy,Livvyy@yopmail.com,2244,http://linkedin.com/in/Livvyy
Monika,Monika@yopmail.com,1778,http://linkedin.com/in/Monika
Kimmy,Kimmy@yopmail.com,3497,http://linkedin.com/in/Kimmy
Silvana,Silvana@yopmail.com,8678,http://linkedin.com/in/Silvana
Nadine,Nadine@yopmail.com,7985,http://linkedin.com/in/Nadine
Ashlee,Ashlee@yopmail.com,8724,http://linkedin.com/in/Ashlee
Ardys,Ardys@yopmail.com,9872,http://linkedin.com/in/Ardys
Gilda,Gilda@yopmail.com,7556,http://linkedin.com/in/Gilda
Kamilah,Kamilah@yopmail.com,9602,http://linkedin.com/in/Kamilah
Karena,Karena@yopmail.com,4306,http://linkedin.com/in/Karena
Meg,Meg@yopmail.com,4479,http://linkedin.com/in/Meg
Brena,Brena@yopmail.com,8866,http://linkedin.com/in/Brena
Ericka,Ericka@yopmail.com,7805,http://linkedin.com/in/Ericka
Ricky,Ricky@yopmail.com,2015,http://linkedin.com/in/Ricky
Binny,Binny@yopmail.com,5464,http://linkedin.com/in/Binny
Flo,Flo@yopmail.com,6107,http://linkedin.com/in/Flo
Myrtice,Myrtice@yopmail.com,5345,http://linkedin.com/in/Myrtice
Merrie,Merrie@yopmail.com,8146,http://linkedin.com/in/Merrie
Darci,Darci@yopmail.com,6417,http://linkedin.com/in/Darci
Fidelia,Fidelia@yopmail.com,6725,http://linkedin.com/in/Fidelia
Aimil,Aimil@yopmail.com,9341,http://linkedin.com/in/Aimil
Ethel,Ethel@yopmail.com,2175,http://linkedin.com/in/Ethel
Kassey,Kassey@yopmail.com,6945,http://linkedin.com/in/Kassey
Sean,Sean@yopmail.com,3247,http://linkedin.com/in/Sean
Maryellen,Maryellen@yopmail.com,7615,http://linkedin.com/in/Maryellen
Hope,Hope@yopmail.com,5365,http://linkedin.com/in/Hope
Cam,Cam@yopmail.com,5359,http://linkedin.com/in/Cam
Merle,Merle@yopmail.com,3994,http://linkedin.com/in/Merle
Nataline,Nataline@yopmail.com,9658,http://linkedin.com/in/Nataline
Maurene,Maurene@yopmail.com,2183,http://linkedin.com/in/Maurene
Rani,Rani@yopmail.com,2965,http://linkedin.com/in/Rani
Linzy,Linzy@yopmail.com,1454,http://linkedin.com/in/Linzy
Tiffie,Tiffie@yopmail.com,4971,http://linkedin.com/in/Tiffie
Lorie,Lorie@yopmail.com,5610,http://linkedin.com/in/Lorie
Doralynne,Doralynne@yopmail.com,1789,http://linkedin.com/in/Doralynne
Vita,Vita@yopmail.com,5138,http://linkedin.com/in/Vita
Lindie,Lindie@yopmail.com,3714,http://linkedin.com/in/Lindie
Susan,Susan@yopmail.com,8893,http://linkedin.com/in/Susan
Minne,Minne@yopmail.com,9088,http://linkedin.com/in/Minne
Wileen,Wileen@yopmail.com,6825,http://linkedin.com/in/Wileen
Rosaline,Rosaline@yopmail.com,8506,http://linkedin.com/in/Rosaline
Loree,Loree@yopmail.com,4993,http://linkedin.com/in/Loree
Blondelle,Blondelle@yopmail.com,3430,http://linkedin.com/in/Blondelle
Gerrie,Gerrie@yopmail.com,1194,http://linkedin.com/in/Gerrie
Dolli,Dolli@yopmail.com,4772,http://linkedin.com/in/Dolli
Nataline,Nataline@yopmail.com,3045,http://linkedin.com/in/Nataline
Marjie,Marjie@yopmail.com,7976,http://linkedin.com/in/Marjie
Philis,Philis@yopmail.com,9102,http://linkedin.com/in/Philis
Corene,Corene@yopmail.com,5062,http://linkedin.com/in/Corene
Jany,Jany@yopmail.com,9270,http://linkedin.com/in/Jany
Grier,Grier@yopmail.com,5666,http://linkedin.com/in/Grier
Anthia,Anthia@yopmail.com,5055,http://linkedin.com/in/Anthia
